total_wage,num_in_field,field
34042507585.0,486964,COMPUTER SYSTEMS ANALYSTS
33072218045.0,395703,"SOFTWARE DEVELOPERS, APPLICATIONS"
23899853301.0,380260,COMPUTER PROGRAMMERS
12118358130.0,171840,"COMPUTER OCCUPATIONS, ALL OTHER"
7267283030.0,79408,"SOFTWARE DEVELOPERS, SYSTEMS SOFTWARE"
4519294547.0,63175,MANAGEMENT ANALYSTS
3828157351.0,49577,FINANCIAL ANALYSTS
2916321384.0,48321,ACCOUNTANTS AND AUDITORS
2885347478.0,41170,MECHANICAL ENGINEERS
2529083669.0,38200,NETWORK AND COMPUTER SYSTEMS ADMINISTRATORS
2489283956.0,37051,DATABASE ADMINISTRATORS
2973759625.0,34316,"ELECTRONICS ENGINEERS, EXCEPT COMPUTER"
1805903113.0,33996,MARKET RESEARCH ANALYSTS AND MARKETING SPECIALISTS
2269246761.0,32493,OPERATIONS RESEARCH ANALYSTS
2494923639.0,31647,ELECTRICAL ENGINEERS
2956139583.0,30874,"COMPUTER SOFTWARE ENGINEERS, APPLICATIONS"
3419501109.0,30272,"PHYSICIANS AND SURGEONS, ALL OTHER"
2909607236.0,25802,COMPUTER AND INFORMATION SYSTEMS MANAGERS
1830183034.0,25038,"COMPUTER OCCUPATIONS, ALL OTHER*"
1341012453.0,24670,"MEDICAL SCIENTISTS, EXCEPT EPIDEMIOLOGISTS"
1277376177.0,20339,PHYSICAL THERAPISTS
905315349.0,20138,BIOCHEMISTS AND BIOPHYSICISTS
1274702377.0,17819,INDUSTRIAL ENGINEERS
1236569560.0,17302,COMPUTER SYSTEMS ANALYST
1158420931.0,16548,nan
1095128284.0,16147,STATISTICIANS
794655502.0,15463,"BIOLOGICAL SCIENTISTS, ALL OTHER"
844849791.0,14506,WEB DEVELOPERS
1554886476.0,14434,MARKETING MANAGERS
963475518.0,14326,CIVIL ENGINEERS
2005385601.0,12196,"INTERNISTS, GENERAL"
658462978.0,12110,CHEMISTS
960792500.0,11502,"COMPUTER SOFTWARE ENGINEERS, SYSTEMS SOFTWARE"
732883554.0,11077,"ENGINEERS, ALL OTHER"
515990460.0,10894,GRAPHIC DESIGNERS
1063533315.0,9698,SALES ENGINEERS
1229915127.0,9611,FINANCIAL MANAGERS
935805776.0,9493,GENERAL AND OPERATIONS MANAGERS
570508727.0,9144,SOFTWARE QUALITY ASSURANCE ENGINEERS AND TESTERS
453983397.0,8736,COMMERCIAL AND INDUSTRIAL DESIGNERS
618979389.0,8736,"HEALTH SPECIALTIES TEACHERS, POSTSECONDARY"
860765628.0,8582,PHARMACISTS
474699080.0,7540,NETWORK AND COMPUTER SYSTEMS ADMINISTRATORS*
256984829.0,7427,BIOLOGICAL TECHNICIANS
563335685.0,7348,CHEMICAL ENGINEERS
442025824.0,7163,LOGISTICIANS
793211788.0,7074,LAWYERS
791493117.0,6581,ARCHITECTURAL AND ENGINEERING MANAGERS
576466277.0,6502,"MANAGERS, ALL OTHER"
562903786.0,6311,COMPUTER AND INFORMATION RESEARCH SCIENTISTS
289124166.0,6234,PUBLIC RELATIONS SPECIALISTS
559814909.0,6127,COMPUTER HARDWARE ENGINEERS
351354637.0,6088,"ELEMENTARY SCHOOL TEACHERS, EXCEPT SPECIAL EDUCATI"
314959279.0,5990,"BUSINESS OPERATIONS SPECIALISTS, ALL OTHER"
443342069.0,5963,MATERIALS ENGINEERS
566569219.0,5934,SALES MANAGERS
274156359.0,5745,MEDICAL AND CLINICAL LABORATORY TECHNOLOGISTS
924920100.0,5479,FAMILY AND GENERAL PRACTITIONERS
329237779.0,5477,PHYSICISTS
301350034.0,5353,"BUSINESS TEACHERS, POSTSECONDARY"
289967848.0,5256,"ARCHITECTS, EXCEPT LANDSCAPE AND NAVAL"
438323505.0,5161,"FINANCIAL SPECIALISTS, ALL OTHER"
299981089.0,5012,"ENGINEERING TEACHERS, POSTSECONDARY"
216802655.0,4881,"SECONDARY SCHOOL TEACHERS, EXCEPT SPECIAL AND CARE"
467352245.0,4843,MEDICAL AND HEALTH SERVICES MANAGERS
302312108.0,4807,OCCUPATIONAL THERAPISTS
482430219.0,4738,"DENTISTS, GENERAL"
311475218.0,4718,BIOMEDICAL ENGINEERS
232373062.0,4550,MARKET RESEARCH ANALYSTS
360919046.0,4512,ECONOMISTS
491880627.0,4322,COMPUTER SYSTEMS ENGINEERS/ARCHITECTS
255538781.0,4302,MATERIALS SCIENTISTS
196487434.0,4239,"MATHEMATICAL SCIENCE TEACHERS, POSTSECONDARY"
246615277.0,3691,"INFORMATION SECURITY ANALYSTS, WEB DEVELOPERS, AND"
186747510.0,3629,HUMAN RESOURCES SPECIALISTS
284110045.0,3410,INFORMATION SECURITY ANALYSTS
549987433.0,3401,CHIEF EXECUTIVES
148441810.0,3366,MICROBIOLOGISTS
261522304.0,3293,COST ESTIMATORS
258998007.0,3277,ACTUARIES
138995350.0,3235,ARCHITECTURAL AND CIVIL DRAFTERS
214113500.0,3219,CREDIT ANALYSTS
273594769.0,3113,INDUSTRIAL PRODUCTION MANAGERS
328494304.0,3061,ACCOUNTANTS
140073044.0,3050,"LIFE SCIENTISTS, ALL OTHER"
155021447.0,3040,"HEALTH DIAGNOSING AND TREATING PRACTITIONERS, ALL"
254420029.0,3015,"GEOSCIENTISTS, EXCEPT HYDROLOGISTS AND GEOGRAPHERS"
134526752.0,2917,INSTRUCTIONAL COORDINATORS
168052088.0,2838,COMPLIANCE OFFICERS
157476219.0,2835,BUDGET ANALYSTS
333958789.0,2795,"PEDIATRICIANS, GENERAL"
124516201.0,2765,"FOREIGN LANGUAGE AND LITERATURE TEACHERS, POSTSECO"
147443836.0,2761,FOOD SCIENTISTS AND TECHNOLOGISTS
120554813.0,2757,SOIL AND PLANT SCIENTISTS
168638408.0,2721,MULTIMEDIA ARTISTS AND ANIMATORS
124518806.0,2713,"SECONDARY SCHOOL TEACHERS, EXCEPT SPECIAL AND"
144567965.0,2625,FASHION DESIGNERS
264573090.0,2577,PETROLEUM ENGINEERS
163832955.0,2555,ENVIRONMENTAL ENGINEERS
155137349.0,2548,SPEECH-LANGUAGE PATHOLOGISTS
130066475.0,2523,TRAINING AND DEVELOPMENT SPECIALISTS
215409392.0,2495,ADVERTISING AND PROMOTIONS MANAGERS
130022152.0,2462,"COMPUTER SCIENCE TEACHERS, POSTSECONDARY"
187554575.0,2424,COMPUTER SUPPORT SPECIALISTS
104097382.0,2404,"ELEMENTARY SCHOOL TEACHERS, EXCEPT SPECIAL"
119508944.0,2390,"BUSINESS OPERATIONS SPECIALISTS, ALL OTHER*"
105544442.0,2351,INTERIOR DESIGNERS
210880864.0,2328,COMPUTER NETWORK ARCHITECTS
198482094.0,2310,PURCHASING MANAGERS
127393124.0,2279,COMPUTER PROGRAMMER
68288589.0,2253,COACHES AND SCOUTS
111322854.0,2245,EDITORS
138984011.0,2242,"COMPUTER SPECIALISTS, ALL OTHER"
80656385.0,2238,SOCIAL SCIENCE RESEARCH ASSISTANTS
104349150.0,2225,COMPUTER USER SUPPORT SPECIALISTS
168518820.0,2206,CONSTRUCTION MANAGERS
132727096.0,2198,"ECONOMICS TEACHERS, POSTSECONDARY"
185617612.0,2101,ART DIRECTORS
283050186.0,2096,PSYCHIATRISTS
131040820.0,1997,VETERINARIANS
90102784.0,1991,"HEALTHCARE PRACTITIONERS AND TECHNICAL WORKERS, AL"
88013863.0,1908,"Human Resources, Training, and Labor Relations Spe"
107323115.0,1875,TECHNICAL WRITERS
147099089.0,1824,AEROSPACE ENGINEERS
61398232.0,1804,"TEACHERS AND INSTRUCTORS, ALL OTHER"
107390970.0,1776,REGISTERED NURSES
123759368.0,1773,MATHEMATICIANS
95665310.0,1762,"BIOLOGICAL SCIENCE TEACHERS, POSTSECONDARY"
78841904.0,1652,"ART, DRAMA, AND MUSIC TEACHERS, POSTSECONDARY"
130163345.0,1623,"TRANSPORTATION, STORAGE, AND DISTRIBUTION MANAGERS"
169639299.0,1566,NATURAL SCIENCES MANAGERS
87716744.0,1559,COMPUTER SYSTEMS ENGINEERS
65136851.0,1552,"MIDDLE SCHOOL TEACHERS, EXCEPT SPECIAL AND CAREER/"
57278718.0,1551,REPORTERS AND CORRESPONDENTS
125631046.0,1499,INFORMATION TECHNOLOGY PROJECT MANAGERS
103347913.0,1478,"EDUCATION ADMINISTRATORS, POSTSECONDARY"
93835991.0,1467,PRODUCERS AND DIRECTORS
61430918.0,1376,"Secondary School Teachers, Except Special and Voca"
54664866.0,1370,INTERPRETERS AND TRANSLATORS
105289127.0,1359,"PRESCHOOL TEACHERS, EXCEPT SPECIAL EDUCATION"
62708261.0,1347,"MECHANICAL ENGINEERS, R&D"
67858467.0,1341,"ELECTRICAL ENGINEERS, R&D"
148382146.0,1326,ENGINEERING MANAGERS
72445275.0,1320,"PHYSICAL SCIENTISTS, ALL OTHER"
131410447.0,1319,HUMAN RESOURCES MANAGERS
65030821.0,1300,"CHEMISTRY TEACHERS, POSTSECONDARY"
123655780.0,1300,"SECURITIES, COMMODITIES, AND FINANCIAL SERVICES SA"
73249656.0,1280,SOCIAL AND COMMUNITY SERVICE MANAGERS
59456630.0,1278,"EDUCATION TEACHERS, POSTSECONDARY"
59700742.0,1273,FOOD SERVICE MANAGERS
49040930.0,1237,"KINDERGARTEN TEACHERS, EXCEPT SPECIAL EDUCATION"
71595065.0,1228,COMPUTER NETWORK SUPPORT SPECIALISTS
97404124.0,1223,MARINE ENGINEERS AND NAVAL ARCHITECTS
59450436.0,1214,MODELS
54848553.0,1210,JUDICIAL LAW CLERKS
65298182.0,1198,"PHYSICS TEACHERS, POSTSECONDARY"
61096330.0,1195,"HEALTHCARE PRACTITIONERS AND TECHNICAL WORKERS,"
78418036.0,1187,"SOFTWARE DEVELOPERS, APPLICATIONS, NON R & D"
53979163.0,1170,"FOREIGN LANGUAGE AND LITERATURE TEACHERS,"
45812641.0,1152,"DESIGNERS, ALL OTHER"
56129300.0,1140,LODGING MANAGERS
71929788.0,1109,"COMPUTER SYSTEMS ANALYSTS, NON R&D"
45834750.0,1107,HEALTH EDUCATORS
64170889.0,1096,"POSTSECONDARY TEACHERS, ALL OTHER"
75081234.0,1078,PERSONAL FINANCIAL ADVISORS
56731873.0,1070,"ENVIRONMENTAL SCIENTISTS AND SPECIALISTS, INCLUDIN"
167115023.0,1069,SURGEONS
102014508.0,1058,PUBLIC RELATIONS AND FUNDRAISING MANAGERS
62245526.0,1052,COMPUTER PROGRAMMERS NON R & D
63800375.0,1042,ADMINISTRATIVE SERVICES MANAGERS
51579988.0,1029,"SPECIAL EDUCATION TEACHERS, PRESCHOOL, KINDERGARTE"
50361551.0,1027,"SPECIAL EDUCATION TEACHERS, SECONDARY SCHOOL"
59309326.0,1016,AUDITORS
47174955.0,989,PARALEGALS AND LEGAL ASSISTANTS
37246499.0,965,"MEDIA AND COMMUNICATION WORKERS, ALL OTHER"
63222550.0,960,NETWORK SYSTEMS AND DATA COMMUNICATIONS ANALYSTS
47602668.0,960,"PHILOSOPHY AND RELIGION TEACHERS, POSTSECONDARY"
77966480.0,943,TRAINING AND DEVELOPMENT MANAGERS
47748607.0,928,"POLITICAL SCIENCE TEACHERS, POSTSECONDARY"
54899811.0,901,ATMOSPHERIC AND SPACE SCIENTISTS
45464199.0,895,LANDSCAPE ARCHITECTS
39613575.0,892,"COMMUNICATIONS TEACHERS, POSTSECONDARY"
40101888.0,891,"MIDDLE SCHOOL TEACHERS, EXCEPT SPECIAL AND"
44553526.0,888,"PSYCHOLOGY TEACHERS, POSTSECONDARY"
51404511.0,877,"SALES REPRESENTATIVES, WHOLESALE AND MANUFACTURING"
47683220.0,856,WRITERS AND AUTHORS
80817128.0,841,"DENTISTS, ALL OTHER SPECIALISTS"
62610663.0,832,"HEALTH AND SAFETY ENGINEERS, EXCEPT MINING SAFETY"
34401288.0,809,"MEETING, CONVENTION, AND EVENT PLANNERS"
23376925.0,805,REHABILITATION COUNSELORS
45071966.0,805,URBAN AND REGIONAL PLANNERS
40475695.0,804,ELECTRICAL AND ELECTRONICS ENGINEERING TECHNICIANS
28626444.0,803,MENTAL HEALTH COUNSELORS
34293281.0,794,"FARMERS, RANCHERS, AND OTHER AGRICULTURAL MANAGERS"
37457461.0,779,CURATORS
38614411.0,759,"HISTORY TEACHERS, POSTSECONDARY"
45129695.0,754,EPIDEMIOLOGISTS
56455889.0,747,"COMPUTER AND INFORMATION SCIENTISTS, RESEARCH"
35224637.0,745,BIOCHEMISTS
26834915.0,743,CHEMICAL TECHNICIANS
34923748.0,722,"SPECIAL EDUCATION TEACHERS, MIDDLE SCHOOL"
36883121.0,710,GEOLOGICAL AND PETROLEUM TECHNICIANS
29841607.0,695,"ENGLISH LANGUAGE AND LITERATURE TEACHERS, POSTSECO"
99217646.0,676,OBSTETRICIANS AND GYNECOLOGISTS
46933456.0,661,"EDUCATION ADMINISTRATORS, ELEMENTARY AND SECONDARY"
67788973.0,661,"SECURITIES, COMMODITIES, AND FINANCIAL SERVICES"
39145153.0,660,REGISTERED NURSES*
22608149.0,653,CLERGY
32585510.0,649,ANIMAL SCIENTISTS
49537575.0,639,"MINING AND GEOLOGICAL ENGINEERS, INCLUDING MINING"
28018198.0,634,CHEFS AND HEAD COOKS
29305946.0,634,"WHOLESALE AND RETAIL BUYERS, EXCEPT FARM PRODUCTS"
29897944.0,632,"CIVIL ENGINEERS, R&D"
34824438.0,622,OCCUPATIONAL HEALTH AND SAFETY SPECIALISTS
28391676.0,618,"Health Diagnosing and Treating Practitioners, All "
36702002.0,606,"ARCHITECTURE TEACHERS, POSTSECONDARY"
31638195.0,602,"SOCIAL SCIENTISTS AND RELATED WORKERS, ALL OTHER"
33267079.0,598,ASTRONOMERS
22934747.0,598,"EDUCATIONAL, GUIDANCE, SCHOOL, AND VOCATIONAL COUN"
37465897.0,597,BUSINESS INTELLIGENCE ANALYSTS
31817975.0,590,"CLINICAL, COUNSELING, AND SCHOOL PSYCHOLOGISTS"
27933594.0,590,DIETITIANS AND NUTRITIONISTS
29344535.0,584,"LEGAL SUPPORT WORKERS, ALL OTHER"
28772207.0,580,"PURCHASING AGENTS, EXCEPT WHOLESALE, RETAIL, AND F"
36728142.0,561,"SOFTWARE DEVELOPERS, APPLICATIONS, R&D"
17915693.0,559,"TEACHERS AND INSTRUCTORS, ALL OTHER*"
19670628.0,553,"CHILD, FAMILY, AND SCHOOL SOCIAL WORKERS"
30423049.0,543,"Electronics Engineers, Except Computer, Non R&D"
22383824.0,540,SURVEY RESEARCHERS
40282113.0,538,FINANCIAL EXAMINERS
28794391.0,531,AGRICULTURAL ENGINEERS
28746385.0,521,"ENVIRONMENTAL SCIENTISTS AND SPECIALISTS,"
26652490.0,514,MARKET RESEARCH ANALYSTS AND MARKETING
24906370.0,499,"PSYCHOLOGISTS, ALL OTHER"
72626719.0,498,ANESTHESIOLOGISTS
22201988.0,496,ZOOLOGISTS AND WILDLIFE BIOLOGISTS
16714292.0,492,SELF-ENRICHMENT EDUCATION TEACHERS
23349749.0,486,LIBRARIANS
29707302.0,485,"SALES REPRESENTATIVES, WHOLESALE AND"
22878177.0,484,FILM AND VIDEO EDITORS
27702869.0,474,Multi-Media Artists and Animators
17683576.0,473,ATHLETIC TRAINERS
22908600.0,473,"ENGINEERING TECHNICIANS, EXCEPT DRAFTERS, ALL"
25309207.0,462,"COMPENSATION, BENEFITS, AND JOB ANALYSIS SPECIALIS"
15911160.0,461,"BOOKKEEPING, ACCOUNTING, AND AUDITING CLERKS"
32010344.0,460,"SOFTWARE DEVELOPERS, APPLICATIONS, NON R&D"
21083199.0,457,GEOGRAPHERS
10421705.0,445,RECREATION WORKERS
36733720.0,436,OPTOMETRISTS
15654058.0,430,"DIRECTORS, RELIGIOUS ACTIVITIES AND EDUCATION"
18435623.0,427,"MIDDLE SCHOOL TEACHERS, EXCEPT SPECIAL AND VOCATIO"
16789261.0,424,"EDUCATIONAL, GUIDANCE, SCHOOL, AND VOCATIONAL"
16841489.0,423,MUSIC DIRECTORS AND COMPOSERS
23909634.0,422,"AGRICULTURAL SCIENCES TEACHERS, POSTSECONDARY"
14769480.0,405,"LIFE, PHYSICAL, AND SOCIAL SCIENCE TECHNICIANS, AL"
22711072.0,401,"EDUCATION ADMINISTRATORS, ALL OTHER"
25744656.0,399,INSURANCE UNDERWRITERS
19836445.0,396,CHIROPRACTORS
19089193.0,395,"SOCIOLOGY TEACHERS, POSTSECONDARY"
20555043.0,390,"PURCHASING AGENTS, EXCEPT WHOLESALE, RETAIL, AND"
22183653.0,387,HYDROLOGISTS
28108059.0,385,PHYSICIAN ASSISTANTS
15497115.0,372,STATISTICAL ASSISTANTS
34474350.0,365,"TREASURERS, CONTROLLERS, AND CHIEF FINANCIAL OFFIC"
19848900.0,364,SOCIOLOGISTS
16830082.0,361,"ENGINEERING TECHNICIANS, EXCEPT DRAFTERS, ALL OTHE"
17519041.0,359,"GEOGRAPHY TEACHERS, POSTSECONDARY"
28362096.0,358,POLITICAL SCIENTISTS
23086178.0,351,Computer Security Specialists
18409410.0,348,"NURSING INSTRUCTORS AND TEACHERS, POSTSECONDARY"
12155645.0,343,MENTAL HEALTH AND SUBSTANCE ABUSE SOCIAL WORKERS
16387397.0,336,MECHANICAL ENGINEERING TECHNICIANS
12318338.0,334,CREDIT COUNSELORS
10745918.0,329,AGRICULTURAL AND FOOD SCIENCE TECHNICIANS
13435182.0,328,"RECREATION AND FITNESS STUDIES TEACHERS, POSTSECON"
12249509.0,319,"EDUCATION ADMINISTRATORS, PRESCHOOL AND CHILDCARE"
24443096.0,312,NUCLEAR ENGINEERS
8348508.0,302,ANIMAL BREEDERS
15936767.0,302,"AREA, ETHNIC, AND CULTURAL STUDIES TEACHERS, POSTS"
11917037.0,302,LAW CLERKS
17297709.0,300,"Computer Software Engineers, Applications, Non R&D"
16043365.0,296,"COMPUTER SYSTEMS ANALYSTS, R&D"
13696875.0,292,First-Line Supervisors of Office and Administrativ
13148897.0,288,CIVIL ENGINEERING TECHNICIANS
12540230.0,281,"ENGLISH LANGUAGE AND LITERATURE TEACHERS,"
13974289.0,279,CARTOGRAPHERS AND PHOTOGRAMMETRISTS
7858509.0,275,PHARMACY TECHNICIANS
8607928.0,274,AGRICULTURAL INSPECTORS
22058284.0,274,NURSE PRACTITIONERS
11775369.0,273,HEALTHCARE SOCIAL WORKERS
14876002.0,270,"ATMOSPHERIC, EARTH, MARINE, AND SPACE SCIENCES TEA"
12413599.0,269,MECHANICAL DRAFTERS
18093024.0,267,"SOFTWARE DEVELOPERS, SYSTEMS SOFTWARE, NON R&D"
14436055.0,259,"Computer Systems Analysts, Non R&D (ACWIA Only)"
15725711.0,258,"COMPENSATION, BENEFITS, AND JOB ANALYSIS"
18950602.0,253,NETWORK AND COMPUTER SYSTEMS ADMINISTRATOR
13557336.0,252,Computer Programmer Non R & D
22011511.0,252,MANAGEMENT ANALYST
11954113.0,251,PARALEGALS AND LEGAL ASSISTANTS*
12941305.0,249,"SOCIAL SCIENCES TEACHERS, POSTSECONDARY, ALL OTHER"
11516200.0,247,"SALES REPRESENTATIVES, SERVICES, ALL OTHER"
19463112.0,246,INDUSTRIAL-ORGANIZATIONAL PSYCHOLOGISTS
12031388.0,245,"SOCIAL WORK TEACHERS, POSTSECONDARY"
13289779.0,244,COMPUTER PROGRAMMERS R & D
11993561.0,242,"MATHEMATICAL SCIENCE OCCUPATIONS, ALL OTHER"
11492379.0,240,"SPECIAL EDUCATION TEACHERS, KINDERGARTEN AND"
14232744.0,239,"ELECTRONICS ENGINEERS, EXCEPT COMPUTER, R&D"
12687314.0,229,"ENVIRONMENTAL SCIENCE TEACHERS, POSTSECONDARY"
11118336.0,227,LOAN OFFICERS
8832100.0,221,"SOCIAL WORKERS, ALL OTHER"
9269236.0,220,ARCHITECTURAL DRAFTERS
8707513.0,220,RECREATIONAL THERAPISTS
9250503.0,219,MUSEUM TECHNICIANS AND CONSERVATORS
11956606.0,218,"PROPERTY, REAL ESTATE, AND COMMUNITY ASSOCIATION M"
7499313.0,217,"COMMUNITY AND SOCIAL SERVICE SPECIALISTS, ALL OTHE"
9776272.0,212,"SPECIAL EDUCATION TEACHERS, KINDERGARTEN AND ELEME"
13591924.0,210,"Computer Software Engineers, Applications, Non R &"
16039457.0,209,"LAW TEACHERS, POSTSECONDARY"
8517607.0,205,"MEETING, CONVENTION, AND EVENT PLANNERS*"
6953997.0,196,FARM AND HOME MANAGEMENT ADVISORS
7249476.0,196,MEDICAL AND CLINICAL LABORATORY TECHNICIANS
8632115.0,196,PERSONNEL RECRUITERS
7092363.0,194,"COUNSELORS, ALL OTHER"
12638383.0,191,"SOFTWARE DEVELOPERS, SYSTEMS SOFTWARE, R&D"
8394699.0,187,EXECUTIVE SECRETARIES AND EXECUTIVE ADMINISTRATIVE
6920525.0,185,ADULT BASIC AND SECONDARY EDUCATION AND LITERACY T
6439148.0,185,"EDUCATION, TRAINING, AND LIBRARY WORKERS, ALL OTHE"
15582683.0,185,PUBLIC RELATIONS MANAGERS
9825235.0,184,"ANTHROPOLOGY AND ARCHEOLOGY TEACHERS, POSTSECONDAR"
7345849.0,184,"LIFE, PHYSICAL, AND SOCIAL SCIENCE TECHNICIANS,"
9821223.0,183,"AGENTS AND BUSINESS MANAGERS OF ARTISTS, PERFORMER"
7580905.0,183,MARRIAGE AND FAMILY THERAPISTS
9060391.0,181,ELECTRICAL AND ELECTRONIC ENGINEERING TECHNICIANS
7833495.0,179,"VOCATIONAL EDUCATION TEACHERS, POSTSECONDARY"
7496240.0,178,"RECREATION AND FITNESS STUDIES TEACHERS,"
7976484.0,178,SET AND EXHIBIT DESIGNERS
7081482.0,176,"HEALTH TECHNOLOGISTS AND TECHNICIANS, ALL OTHER"
6747453.0,173,"ENVIRONMENTAL SCIENCE AND PROTECTION TECHNICIANS,"
7493416.0,171,INDUSTRIAL ENGINEERING TECHNICIANS
16714244.0,170,COMPENSATION AND BENEFITS MANAGERS
8219028.0,170,"Compliance Officers, Except Agriculture, Construct"
10330450.0,170,"Computer Software Engineers, Applications,R&D"
7428083.0,168,MATHEMATICAL TECHNICIANS
4704411.0,167,RESIDENTIAL ADVISORS
8371693.0,166,SURVEYORS
9065776.0,163,"ATMOSPHERIC, EARTH, MARINE, AND SPACE SCIENCES"
5620154.0,159,SUBSTANCE ABUSE AND BEHAVIORAL DISORDER COUNSELORS
5147106.0,156,CUSTOMER SERVICE REPRESENTATIVES
8033879.0,155,"AREA, ETHNIC, AND CULTURAL STUDIES TEACHERS,"
5930322.0,155,"PRODUCTION, PLANNING, AND EXPEDITING CLERKS"
17921217.0,154,"FINANCIAL MANAGERS, BRANCH OR DEPARTMENT"
12007589.0,154,"SOFTWARE DEVELOPER, APPLICATIONS"
6377029.0,153,ARCHIVISTS
8728901.0,152,"SPECIAL EDUCATION TEACHERS, ALL OTHER"
6880522.0,148,"Employment, Recruitment, and Placement Specialists"
4896460.0,148,FITNESS TRAINERS AND AEROBICS INSTRUCTORS
7359149.0,146,AEROSPACE ENGINEERING AND OPERATIONS TECHNICIANS
5670832.0,142,Meeting and Convention Planners
10000504.0,142,PODIATRISTS
7136103.0,141,ORTHOTISTS AND PROSTHETISTS
6693303.0,138,HEALTHCARE PRACTITIONERS AND TECHNICAL WORKERS
6252026.0,137,ADVERTISING SALES AGENTS
5119306.0,134,"Educational, Vocational, and School Counselors"
6568711.0,133,"LIBRARY SCIENCE TEACHERS, POSTSECONDARY"
5102476.0,132,MEDICAL RECORDS AND HEALTH INFORMATION TECHNICIANS
7817749.0,131,"ELECTRICAL ENGINEERS, NON R&D"
6787031.0,128,INSURANCE SALES AGENTS
5562202.0,127,"HOME ECONOMICS TEACHERS, POSTSECONDARY"
8902568.0,126,"Mining and Geological Engineers, Including Mining "
7008393.0,124,COMPUTER SYSTEM ANALYSTS
5834493.0,124,EXERCISE PHYSIOLOGISTS
9978784.0,123,GEOLOGISTS
5717568.0,122,FIRST-LINE SUPERVISORS OF PRODUCTION AND OPERATING
5493696.0,121,TRANSPORTATION INSPECTORS
4620678.0,120,MOLECULAR AND CELLULAR BIOLOGISTS
7522210.0,119,AUDIOLOGISTS
7360449.0,119,"PROPERTY, REAL ESTATE, AND COMMUNITY ASSOCIATION"
5076338.0,119,"THERAPISTS, ALL OTHER"
6573945.0,117,COPY WRITERS
5609046.0,117,FUNDRAISERS
16812765.0,112,ORTHODONTISTS
5039303.0,111,"SPECIAL EDUCATION TEACHERS, PRESCHOOL"
9531603.0,110,"Human Resources Managers, All Other"
4963303.0,110,PHYSICAL THERAPIST ASSISTANTS
4265854.0,109,ADULT BASIC AND SECONDARY EDUCATION AND LITERACY
17054338.0,109,Private Sector Executives
6525443.0,109,PRODUCERS
3207034.0,108,SOCIAL AND HUMAN SERVICE ASSISTANTS
4620633.0,106,ENVIRONMENTAL ENGINEERING TECHNICIANS
4810611.0,104,"ARTISTS AND RELATED WORKERS, ALL OTHER"
4698233.0,104,"CRIMINAL JUSTICE AND LAW ENFORCEMENT TEACHERS, POS"
4856763.0,103,BIOLOGICAL SCIENTISTS
3026692.0,99,"Office and Administrative Support Workers, All Oth"
5727995.0,98,BIOINFORMATICS SCIENTISTS
5921390.0,98,"COMPUTER PROGRAMMERS, NON R&D"
3063677.0,97,TAX PREPARERS
4405601.0,93,Biophysicists
4454212.0,91,MUSICIANS AND SINGERS
5096387.0,90,"ANTHROPOLOGY AND ARCHEOLOGY TEACHERS,"
3738819.0,90,BROADCAST NEWS ANALYSTS
5717066.0,89,"Computer Software Engineers, Systems Software, Non"
4629978.0,88,FIRST-LINE SUPERVISORS OF NON-RETAIL SALES WORKERS
4301484.0,87,"AGENTS AND BUSINESS MANAGERS OF ARTISTS,"
7886842.0,87,"SALES AGENTS, SECURITIES AND COMMODITIES"
4718273.0,86,CONSERVATION SCIENTISTS
5608104.0,86,VALIDATION ENGINEERS
4860043.0,85,"Computer Software Engineers, Systems Software,R&D"
5657786.0,85,"SALES AGENTS, FINANCIAL SERVICES"
5827331.0,84,"Health and Safety Engineers, Except Mining Safety "
4878608.0,81,"MECHANICAL ENGINEERS, NON R&D"
3854847.0,80,"COMMUNITY AND SOCIAL SERVICE SPECIALISTS, ALL"
3063641.0,80,"FIRST-LINE SUPERVISORS OF FARMING, FISHING, AND FO"
2907658.0,80,PHOTOGRAPHERS
3992420.0,79,"Computer Systems Analysts, R&D (ACWIA Only)"
7439579.0,79,ORAL AND MAXILLOFACIAL SURGEONS
2862229.0,77,"EDUCATION, TRAINING, AND LIBRARY WORKERS, ALL"
3973820.0,77,ELECTRICAL AND ELECTRONICS DRAFTERS
2554791.0,75,"HEALTHCARE SUPPORT WORKERS, ALL OTHER"
4001258.0,74,"CLAIMS ADJUSTERS, EXAMINERS, AND INVESTIGATORS"
4337888.0,74,WEB ADMINISTRATORS
2937459.0,73,Executive Secretaries and Administrative Assistant
3066773.0,73,Medical and Public Health Social Workers
3138764.0,73,"THERAPISTS, ALL OTHER*"
3422067.0,72,"BUYERS AND PURCHASING AGENTS, FARM PRODUCTS"
2538824.0,72,"Human Resources Assistants, Except Payroll and Tim"
7133559.0,72,TEACHER ASSISTANTS
2632135.0,71,FIRST-LINE SUPERVISORS OF RETAIL SALES WORKERS
3207002.0,69,APPRAISERS AND ASSESSORS OF REAL ESTATE
3846765.0,69,DATA WAREHOUSING SPECIALISTS
3207662.0,68,BIOLOGISTS
3132769.0,68,"CRIMINAL JUSTICE AND LAW ENFORCEMENT TEACHERS,"
1920645.0,68,"SECRETARIES AND ADMINISTRATIVE ASSISTANTS, EXCEPT"
2007757.0,68,VETERINARY TECHNOLOGISTS AND TECHNICIANS
2313357.0,66,CARGO AND FREIGHT AGENTS
2660031.0,66,Plant Scientists
3542236.0,65,GENETIC COUNSELORS
3831207.0,65,"SPECIAL EDUCATION TEACHERS, PRESCHOOL,"
2506157.0,64,"Fine Artists, Including Painters, Sculptors, and I"
2388630.0,64,"SALES AND RELATED WORKERS, ALL OTHER"
2909668.0,62,DENTAL LABORATORY TECHNICIANS
3213691.0,61,"Forestry and Conservation Science Teachers, Postse"
3215642.0,61,GRAPHIC DESIGNER
6479767.0,61,SALES ENGINEER
3065779.0,60,DOCUMENT MANAGEMENT SPECIALISTS
2780096.0,59,Computer Programmer R&D
4251390.0,59,PROSTHODONTISTS
3902210.0,58,Marine Engineers
2094701.0,58,Music Directors
1767616.0,58,"RELIGIOUS WORKERS, ALL OTHER"
3820717.0,56,MANUFACTURING ENGINEERS
3919062.0,56,MECHANICAL ENGINEER
2479008.0,56,SOUND ENGINEERING TECHNICIANS
4068343.0,55,EMERGENCY MANAGEMENT DIRECTORS
4490225.0,55,"SOFTWARE DEVELOPERS,APPLICATIONS"
1913756.0,54,Audio-Visual and Multimedia Collections Specialist
3074873.0,54,"CIVIL ENGINEERS, NON R&D"
2030919.0,54,COMPUTER OPERATORS
1498034.0,54,GRADUATE TEACHING ASSISTANTS
2287782.0,54,"HEALTH TECHNOLOGISTS AND TECHNICIANS, ALL OTHER*"
3809144.0,54,TRANSPORTATION MANAGERS
2390922.0,53,HISTORIANS
2333311.0,52,"HEALTH SPECIALITIES TEACHERS, POSTSECONDARY"
2460572.0,51,ANTHROPOLOGISTS AND ARCHEOLOGISTS
2830940.0,50,Clinical Psychologists
1674692.0,50,"Education Administrators, Preschool and Child Care"
1644882.0,50,FIRST-LINE SUPERVISORS OF FOOD PREPARATION AND SER
3587312.0,50,INDUSTRIAL SAFETY AND HEALTH ENGINEERS
2281019.0,49,AIRCRAFT MECHANICS AND SERVICE TECHNICIANS
3155736.0,47,"AIRLINE PILOTS, COPILOTS, AND FLIGHT ENGINEERS"
2124470.0,46,"Farm, Ranch, and Other Agricultural Managers"
2750967.0,46,FIRST-LINE SUPERVISORS OF CONSTRUCTION TRADES AND
3166394.0,44,"CAPTAINS, MATES, AND PILOTS OF WATER VESSELS"
2432561.0,44,FORENSIC SCIENCE TECHNICIANS
1203060.0,44,"OFFICE CLERKS, GENERAL"
2601096.0,44,PRODUCT SAFETY ENGINEERS
1586771.0,43,"Camera Operators, Television, Video, and Motion Pi"
1848706.0,43,Geological Data Technicians
1448133.0,43,LOAN COUNSELORS
2461117.0,42,BIOSTATISTICIANS
1422500.0,42,"Environmental Science and Protection Technicians, "
1273210.0,41,COMMUNITY HEALTH WORKERS
1528334.0,41,JEWELERS AND PRECIOUS STONE AND METAL WORKERS
1853111.0,40,CONSTRUCTION AND BUILDING INSPECTORS
2159189.0,40,FORESTERS
2698058.0,39,AUTOMOTIVE ENGINEERS
1564699.0,39,"DRAFTERS, ALL OTHER"
1291924.0,39,"OFFICE AND ADMINISTRATIVE SUPPORT WORKERS, ALL"
1439333.0,38,"Adult Literacy, Remedial Education, and GED Teache"
2257781.0,38,LABOR RELATIONS SPECIALISTS
1361394.0,38,MEDICAL ASSISTANTS
1499663.0,37,Calibration and Instrumentation Technicians
1738160.0,37,ELECTRICAL ENGINEERING TECHNICIANS
1771845.0,37,Telecommunications Equipment Installers and Repair
1188277.0,36,BILLING AND POSTING CLERKS
2316916.0,36,COMMERCIAL PILOTS
1605946.0,36,Vocational Education Teachers Postsecondary
1692711.0,34,COMPUTER SUPPORT SPECIALIST
1222040.0,34,"HUMAN RESOURCES ASSISTANTS, EXCEPT PAYROLL AND"
2616613.0,33,DATABASE ARCHITECTS
1363503.0,33,"Healthcare Support Workers, All Other*"
1413879.0,33,"HUMAN RESOURCES, TRAINING, AND LABOR RELATIONS"
1445651.0,32,Electronics Engineering Technicians
1220880.0,32,PROCUREMENT CLERKS
1241856.0,31,AUDIO AND VIDEO EQUIPMENT TECHNICIANS
741635.0,31,CHILDCARE WORKERS
1584313.0,31,"COMPUTER PROGRAMMERS, R&D"
1597079.0,31,DETECTIVES AND CRIMINAL INVESTIGATORS
1792606.0,31,"FORESTRY AND CONSERVATION SCIENCE TEACHERS,"
1953875.0,30,CLINICAL DATA MANAGERS
968649.0,30,DENTAL ASSISTANTS
1951944.0,30,DIAGNOSTIC MEDICAL SONOGRAPHERS
1436076.0,30,ELECTRO-MECHANICAL TECHNICIANS
1201075.0,30,First-Line Supervisors/Managers of Office and Admi
1414105.0,30,First-Line Supervisors/Managers of Production and 
1669201.0,30,"HEALTH PROFESSIONALS AND TECHNICIANS, ALL OTHER"
2346330.0,30,SOFTWARE DEVELOPERS APPLICATIONS
1388896.0,29,Agricultural Crop Farm Managers
1367806.0,29,FIRST-LINE SUPERVISORS OF OFFICE AND
1028162.0,29,"Inspectors, Testers, Sorters, Samplers, and Weighe"
1999233.0,29,OPERATIONS RESEARCH ANALYST
2063983.0,29,RADIATION THERAPISTS
1878997.0,28,FINANCIAL QUANTITATIVE ANALYSTS
1876722.0,28,Marine Architects
1728286.0,28,PROGRAM DIRECTORS
1132748.0,27,CHOREOGRAPHERS
2048573.0,27,CLINICAL DATA MANAGER
1610254.0,27,"FIRST-LINE SUPERVISORS OF MECHANICS, INSTALLERS, A"
1944514.0,27,GENERAL AND OPERATIONS MANAGER
714595.0,27,"SALES AND RELATED WORKERS, ALL OTHER*"
700093.0,26,"COOKS, RESTAURANT"
994569.0,26,LEGAL SECRETARIES
1794846.0,26,Nuclear Medicine Technologists
1693430.0,26,"SOFTWARE DEVELOPERS, APPLICATIONS, NON R&AMP;D"
1236875.0,25,"Career/Technical Education Teachers, Secondary Sch"
1751182.0,25,"COMPUTER HARDWARE ENGINEERS, R&D"
3439619.0,25,HOSPITALISTS
1435911.0,25,LOGISTICS ANALYSTS
859479.0,25,PROOFREADERS AND COPY MARKERS
666057.0,25,RETAIL SALESPERSONS
1697898.0,25,Technical Directors/Managers
904841.0,24,AUDIO-VISUAL AND MULTIMEDIA COLLECTIONS
1117833.0,24,BROKERAGE CLERKS
1118791.0,24,First-Line Supervisors/Managers of Non-Retail Sale
886551.0,24,"PRODUCTION WORKERS, ALL OTHER"
1547294.0,24,REGULATORY AFFAIRS SPECIALISTS
925290.0,24,SURVEYING AND MAPPING TECHNICIANS
1501735.0,23,COMPUTER SYSTEM ANALYST
941015.0,23,"Entertainers and Performers, Sports and Related Wo"
792969.0,23,TRAVEL AGENTS
1398125.0,22,"ELECTRICAL ENGINEERS, NON-R&D"
805379.0,22,"FIRST-LINE SUPERVISORS OF FARMING, FISHING, AND"
668617.0,21,First-Line Supervisors/Managers of Food Preparatio
768344.0,21,First-Line Supervisors/Managers of Retail Sales Wo
1062444.0,21,"MECHANICAL ENGINEERS, R&AMP;D"
1054162.0,21,SECONDARY SCHOOL TEACHERS
1521629.0,21,Storage and Distribution Managers
607039.0,20,"AGRICULTURAL WORKERS, ALL OTHER"
1085866.0,20,CARDIOVASCULAR TECHNOLOGISTS AND TECHNICIANS
752619.0,20,"FINANCIAL CLERKS, ALL OTHER"
786176.0,20,"FINE ARTISTS, INCLUDING PAINTERS, SCULPTORS, AND"
989025.0,20,MEDICAL EQUIPMENT REPAIRERS
844953.0,20,"TRANSPORTATION WORKERS, ALL OTHER"
577680.0,20,TRAVEL GUIDES
582527.0,19,Agricultural Technicians
1383845.0,19,DATABASE ADMINISTRATOR
1455707.0,19,FINANCIAL ANALYST
925817.0,19,RESPIRATORY THERAPISTS
540913.0,18,ANIMAL TRAINERS
753750.0,18,BROADCAST TECHNICIANS
725515.0,18,First-Line Supervisors and Manager/Supervisors - A
1081629.0,18,LOGISTICS ENGINEERS
797014.0,18,RADIO AND TELEVISION ANNOUNCERS
792187.0,18,RADIOLOGIC TECHNOLOGISTS
1561367.0,18,"SOFTWARE DEVELOPERS, APPLICATION"
954693.0,17,CLINICAL RESEARCH COORDINATORS
595627.0,17,LIBRARY TECHNICIANS
1012296.0,17,Network Designers
894931.0,17,Radiologic Technologists and Technicians*
1202019.0,17,RISK MANAGEMENT SPECIALISTS
1752151.0,17,TREASURERS AND CONTROLLERS
915907.0,16,"ARBITRATORS, MEDIATORS, AND CONCILIATORS"
659436.0,16,AUTOMOTIVE SERVICE TECHNICIANS AND MECHANICS
1454732.0,16,"Computer and Information Systems Managers,Non R&D "
740475.0,16,"CONSTRUCTION AND RELATED WORKERS, ALL OTHER"
517628.0,16,DESKTOP PUBLISHERS
604446.0,16,"Education Administrators, Preschool and Childcare "
501182.0,16,First-Line Supervisors of Housekeeping and Janitor
727477.0,16,First-Line Supervisors of Transportation and Mater
697722.0,16,GENETICISTS
417831.0,16,"HOTEL, MOTEL, AND RESORT DESK CLERKS"
1162548.0,15,"COMPUTER NETWORK ARCHITECTS, NON R&D"
995672.0,15,Fire-Prevention and Protection Engineers
504401.0,15,"INFORMATION AND RECORD CLERKS, ALL OTHER"
1914192.0,15,MARKETING MANAGER
948502.0,15,"MECHANICAL ENGINEERS, NON-R&D"
558421.0,15,MUSICAL INSTRUMENT REPAIRERS AND TUNERS
646435.0,15,"Physical Scientists, R&D (ACWIA Only)"
960395.0,15,"Registered Nurses, Non R&D (ACWIA Only)"
389770.0,15,VETERINARY ASSISTANTS AND LABORATORY ANIMAL
448596.0,15,VETERINARY ASSISTANTS AND LABORATORY ANIMAL CARETA
966553.0,14,"COMPUTER NETWORK ARCHITECTS, R&D"
907848.0,14,"COMPUTER SYSTEMS ANALYSTS, NON R&AMP;D"
833477.0,14,COMPUTER SYSTEMS ENGINEERS / ARCHITECTS
837848.0,14,"DIRECTORS- STAGE, MOTION PICTURES, TELEVISION, AND"
651851.0,14,"Employment Interviewers, Private or Public Employm"
570313.0,14,ENVIRONMENTAL COMPLIANCE INSPECTORS
665963.0,14,"First-Line Supervisors of Landscaping, Lawn Servic"
435537.0,14,Food Science Technicians
837429.0,14,"Media and Communication Equipment Workers, All Oth"
651518.0,14,MILLWRIGHTS
1350072.0,14,QUALITY CONTROL SYSTEMS MANAGERS
990324.0,14,"SOFTWARE DEVELOPERS, APPLICATIONS, R&AMP;D"
598715.0,14,"Vocational Education Teachers, Secondary School"
819093.0,13,"COMPUTER HARDWARE ENGINEERS, NON R&D"
600685.0,13,Computer Numerically Controlled Machine Tool Progr
408929.0,13,DANCERS
667658.0,13,"Electrical and Electronics Repairers, Commercial a"
348715.0,13,"ENTERTAINERS AND PERFORMERS, SPORTS AND RELATED"
948792.0,13,INFORMATION TECHNOLOGY PROJECT MANAGER
591051.0,13,LICENSED PRACTICAL AND LICENSED VOCATIONAL NURSES
550452.0,13,OCCUPATIONAL HEALTH AND SAFETY TECHNICIANS
474246.0,13,PAYROLL AND TIMEKEEPING CLERKS
650146.0,13,TRAFFIC TECHNICIANS
461906.0,12,"CAMERA OPERATORS, TELEVISION, VIDEO, AND MOTION"
532778.0,12,"CAREER/TECHNICAL EDUCATION TEACHERS, MIDDLE SCHOOL"
574724.0,12,ELECTRICAL DRAFTERS
1603245.0,12,INTERNIST
408116.0,12,Marine Cargo Inspectors
629497.0,12,MARKET RESEARCH ANALYSTS AND MARKETING SPECIALIST
415242.0,12,Merchandise Displayers and Window Trimmers
637944.0,12,NUCLEAR TECHNICIANS
1412376.0,12,NURSE ANESTHETISTS
636625.0,12,Nursery and Greenhouse Managers
704083.0,12,"Sales Representatives, Chemical and Pharmaceutical"
789838.0,12,SEARCH MARKETING STRATEGISTS
519820.0,12,"SEPARATING, FILTERING, CLARIFYING, PRECIPITATING,"
928979.0,12,SOFTWARE DEVELOPER APPLICATIONS
840798.0,12,SUPERVISORS OF CONSTRUCTION AND EXTRACTION WORKERS
627681.0,12,"TAX EXAMINERS AND COLLECTORS, AND REVENUE AGENTS"
588457.0,11,"CAREER/TECHNICAL EDUCATION TEACHERS, SECONDARY"
514076.0,11,"CIVIL ENGINEERS, R&AMP;D"
347693.0,11,"CREDIT AUTHORIZERS, CHECKERS, AND CLERKS"
546041.0,11,Exhibit Designers
646047.0,11,FABRIC AND APPAREL PATTERNMAKERS
303212.0,11,"HAIRDRESSERS, HAIRSTYLISTS, AND COSMETOLOGISTS"
523122.0,11,"Life Scientists, R&D (ACWIA only)"
487746.0,11,"MUSICIANS, INSTRUMENTAL"
435634.0,11,PRIVATE DETECTIVES AND INVESTIGATORS
816378.0,11,REAL ESTATE BROKERS
500137.0,11,REAL ESTATE SALES AGENTS
1022741.0,11,REGULATORY AFFAIRS MANAGERS
1263512.0,11,SECURITIES AND COMMODITIES TRADERS
992180.0,11,"SOFTWARE DEVELOPER, SYSTEMS SOFTWARE"
767814.0,11,"SOFTWARE DEVELOPERS, SYSTEM SOFTWARE"
444765.0,11,Soil Scientists
545360.0,11,TELECOMMUNICATIONS EQUIPMENT INSTALLERS AND
388085.0,11,"WELDERS, CUTTERS, SOLDERERS, AND BRAZERS"
512151.0,10,"CIVIL ENGINEERS, NON-R&D"
633672.0,10,"COMPUTER OCCUPATIONS, ALL OTHERS"
326456.0,10,FIRST-LINE SUPERVISORS OF FOOD PREPARATION AND
312812.0,10,FOREST AND CONSERVATION TECHNICIANS
1106726.0,10,INVESTMENT FUND MANAGERS
920421.0,10,MATERIALS ENGINEER
227238.0,10,PHARMACY AIDES
302827.0,10,PHYSICAL THERAPIST AIDES
310773.0,9,Audio-Visual Collections Specialists
562142.0,9,"COMPUTER SOFTWARE ENGINEERS, APPLICATIONS, R&D"
581839.0,9,Dental Hygienists
667076.0,9,"ELECTRONICS ENGINEERS, EXCEPT COMPUTER,"
580944.0,9,Emergency Management Specialists
257174.0,9,FREIGHT AND CARGO INSPECTORS
192234.0,9,HOME HEALTH AIDES
516708.0,9,INSTRUCTIONAL DESIGNERS AND TECHNOLOGISTS
284690.0,9,INSURANCE CLAIMS AND POLICY PROCESSING CLERKS
318407.0,9,"INTERVIEWERS, EXCEPT ELIGIBILITY AND LOAN"
1622024.0,9,PHYSICIANS AND SURGEONS
347319.0,9,"Production Workers, All Other*"
416812.0,9,"Purchasing Agents and Buyers, Farm Products"
203951.0,9,RECEPTIONISTS AND INFORMATION CLERKS
282215.0,9,"SHIPPING, RECEIVING, AND TRAFFIC CLERKS"
776193.0,9,SOFTWARE DEVELOPER
780047.0,9,SUPPLY CHAIN MANAGERS
359133.0,8,Agricultural and Food Scientists
935540.0,8,COMPUTER AND INFORMATION SYSTEMS MANAGER
229676.0,8,CRAFT ARTISTS
562278.0,8,"ELECTRONICS ENGINEER, EXCEPT COMPUTER"
531957.0,8,"ELECTRONICS ENGINEERS, EXCEPT COMPUTER, NON"
451213.0,8,"ELECTRONICS ENGINEERS, EXCEPT COMPUTER, R&AMP;D"
285937.0,8,Farmers and Ranchers
523826.0,8,First-Line Supervisors and Manager/Supervisors- Co
349252.0,8,First-Line Supervisors of Personal Service Workers
525804.0,8,INDUSTRIAL ENGINEER
236226.0,8,MACHINISTS
205692.0,8,"MAINTENANCE AND REPAIR WORKERS, GENERAL"
1047374.0,8,NEUROLOGISTS
358655.0,8,"Radio, Cellular, and Tower Equipment Installers an"
405944.0,8,Radiologic Technologists and Technicians
370876.0,8,"Sales Representatives, Medical"
506188.0,8,"SOFTWARE DEVELOPERS, SYSTEMS SOFTWARE, R&AMP;D"
208790.0,8,SUBSTITUTE TEACHERS (OES ONLY)
191934.0,8,"TAILORS, DRESSMAKERS, AND CUSTOM SEWERS"
228653.0,8,"Textile, Apparel, and Furnishings Workers, All Oth"
316825.0,8,WATCH REPAIRERS
227512.0,7,AIRFIELD OPERATIONS SPECIALISTS
342514.0,7,"Appraisers, Real Estate"
494499.0,7,BUSINESS INTELLIGENCE ANALYST
474905.0,7,"COMPUTER OCCUPATION, ALL OTHER"
474116.0,7,COMPUTER SYSTEMS ENGINEERS/ ARCHITECTS
309108.0,7,CONCIERGES
381678.0,7,"ELECTRICAL ENGINEERS, R&AMP;D"
234979.0,7,"FIRST-LINE SUPERVISORS OF LANDSCAPING, LAWN"
469644.0,7,First-Line Supervisors/Managers of Construction Tr
248933.0,7,"First-Line Supervisors/Managers of Farming, Fishin"
417601.0,7,GEOPHYSICAL DATA TECHNICIANS
982108.0,7,"HEALTH SPECIALTIES TEACHER, POSTSECONDARY"
283919.0,7,Housekeeping Supervisors
519855.0,7,HUMAN FACTORS ENGINEERS AND ERGONOMISTS
286036.0,7,"INSTALLATION, MAINTENANCE, AND REPAIR WORKERS, ALL"
376335.0,7,INTELLIGENCE ANALYST
86008.0,7,"Library Assistants, Clerical"
357447.0,7,"MECHANICAL ENGINEERS, NON R&AMP;D"
390620.0,7,"Sales Representatives, Electrical/Electronic"
478519.0,7,"SECONDARY SCHOOL TEACHERS,EXCEPT SPECIAL AND CAREE"
196765.0,7,TOUR GUIDES AND ESCORTS
210958.0,6,ACTORS
315574.0,6,"All other architects, surveyors,and cartographers"
239124.0,6,"ART, DRAMA AND MUSIC TEACHERS, POSTSECONDARY"
283567.0,6,Avionics Technicians
233397.0,6,BILL AND ACCOUNT COLLECTORS
260063.0,6,Civil Drafters
747468.0,6,COMPUTER & INFORMATION SYSTEMS MANAGERS
470660.0,6,"COMPUTER SOFTWARE ENGINEERS, APPLICATIONS NON R&D"
443394.0,6,COMPUTER SYTEMS ANALYSTS
249954.0,6,CONSTRUCTION LABORERS
378891.0,6,Counseling Psychologists
166859.0,6,"DISPATCHERS, EXCEPT POLICE, FIRE, AND AMBULANCE"
422301.0,6,ENERGY ENGINEERS
150322.0,6,"Farmworkers and Laborers, Crop, Nursery, and Green"
323065.0,6,"FARMWORKERS, FARM, RANCH, AND AQUACULTURAL ANIMALS"
205090.0,6,"First-Line Supervisors/Managers of Landscaping, La"
316619.0,6,"First-Line Supervisors/Managers of Mechanics, Inst"
294402.0,6,HEALTHCARE PRACTITIONERS AND TECHNICAL
360630.0,6,HUMAN RESOURCES SPECIALIST
260001.0,6,Industrial Machinery Mechanics
180274.0,6,LOAN INTERVIEWERS AND CLERKS
258920.0,6,MARKET RESEARCH ANALYST
347360.0,6,MECHATRONICS ENGINEERS
412755.0,6,"MEDIA AND COMMUNICATION EQUIPMENT WORKERS, ALL"
185350.0,6,MEDICAL APPLIANCE TECHNICIANS
310607.0,6,"MEDICAL SCIENTIST, EXCEPT EPIDEMIOLOGISTS"
138217.0,6,NONFARM ANIMAL CARETAKERS
193599.0,6,Ophthalmic Laboratory Technicians
535143.0,6,PHOTONICS ENGINEERS
803384.0,6,"PHYSICIANS & SURGEONS, ALL OTHER"
222289.0,6,PRINTING PRESS OPERATORS
288142.0,6,Professional Photographers
254904.0,6,QUALITY CONTROL ANALYSTS
531315.0,6,SALES MANAGER
163614.0,6,SHOE AND LEATHER WORKERS AND REPAIRERS
486699.0,6,SOFTWARE DEVELOPERS; APPLICATIONS
360890.0,6,SOFTWARE QUALITY ASSURANCE ENGINEERS & TESTERS
279553.0,6,Surgical Technologists
427503.0,6,SYSTEMS ANALYST
278304.0,6,Telecommunications Facility Examiners
247249.0,6,TOOL AND DIE MAKERS
218358.0,5,"Administrative Law Judges, Adjudicators, and Heari"
251471.0,5,Archeologists
184018.0,5,Automotive Master Mechanics
141774.0,5,BAKERS
188698.0,5,City Planning Aides
296276.0,5,CIVIL ENGINEER
394513.0,5,COMPLIANCE MANAGERS
316826.0,5,COMPUTER PROGRAMERS
280904.0,5,"COMPUTER PROGRAMMERS, NON R&AMP;D"
247333.0,5,"Construction and Related Workers, All Other*"
261873.0,5,DATABASE ADMINISTRATION
397363.0,5,ELECTRICAL ENGINEER
243359.0,5,ELECTRICIANS
381098.0,5,FAMILY AND GENERAL PRACTIONERS
180732.0,5,First-Line Supervisors and Manager/Supervisors - H
189841.0,5,FIRST-LINE SUPERVISORS OF HOUSEKEEPING AND
277971.0,5,"FIRST-LINE SUPERVISORS OF MECHANICS, INSTALLERS,"
192396.0,5,"First-Line Supervisors, Customer Service"
331420.0,5,First-Line Supervisors/Managers of Transportation 
348711.0,5,Fish Hatchery Managers
142459.0,5,"FOOD PROCESSING WORKERS, ALL OTHER"
241926.0,5,Geological Sample Test Technicians
720159.0,5,HOSPITALIST
308048.0,5,INFORMATICS NURSE SPECIALISTS
216258.0,5,"INSPECTORS, TESTERS, SORTERS, SAMPLERS, AND"
334340.0,5,LOGISTICS MANAGERS
391645.0,5,MANAGMENT ANALYSTS
234561.0,5,MARKET RESEARCH ANALYST AND MARKETING SPECIALISTS
262683.0,5,MASSAGE THERAPISTS
202302.0,5,MEDICAL SCIENTISTS EXCEPT EPIDEMIOLOGISTS
196164.0,5,MOLECULAR AND CELLULAR BIOLOGIST
185255.0,5,"News Analysts, Reporters and Correspondents"
290148.0,5,OPERATING ENGINEERS AND OTHER CONSTRUCTION
106725.0,5,"PERSONAL CARE AND SERVICE WORKERS, ALL OTHER"
340704.0,5,REGULATORY AFFAIRS SPECIALIST
345186.0,5,"SALES REPRESENTATIVES OF SERVICES, EXCEPT"
221998.0,5,"Sales Representatives, Mechanical Equipment and Su"
281362.0,5,SPEECH AND LANGUAGE PATHOLOGISTS
234812.0,5,Stationary Engineers and Boiler Operators
300975.0,5,TRANSPORTATION ENGINEERS
290327.0,5,TRANSPORTATION PLANNERS
135596.0,4,"Billing, Cost, and Rate Clerks"
161846.0,4,BIOCHEMISTS & BIOPHYSICISTS
328910.0,4,BIOINFORMATICS SCIENTIST
124258.0,4,BIOLOGICAL TECHNICIAN
182013.0,4,"CAREER/TECHNICAL  EDUCATION TEACHERS, MIDDLE"
129376.0,4,CARPENTERS
245440.0,4,COMMERCIAL AND INDUSTRIAL ENGINEERS
434284.0,4,"Computer and Information Systems Managers, R&D (AC"
302786.0,4,"COMPUTER HARDWARE ENGINEERS, NON-R&D"
338290.0,4,COMPUTER NETWORKS ARCHITECTS
294444.0,4,COMPUTER SYSTEMS ANLAYSTS
251617.0,4,COMPUTER SYSTEMS ENGINEER
188157.0,4,"Computer, Automated Teller, and Office Machine Rep"
125195.0,4,Data Entry Keyers
400276.0,4,DATABASE ADMINSTRATORS
131914.0,4,DIETETIC TECHNICIANS
241473.0,4,Educational Psychologists
134721.0,4,"EDUCATIONAL, GUIDANCE, SCHOOL AND VOCATIONAL COUNS"
201635.0,4,"ELECTRICAL AND ELECTRONICS REPAIRERS, COMMERCIAL"
211058.0,4,"ELECTRICAL AND ELECTRONICS REPAIRERS, POWERHOUSE,"
296311.0,4,"ELECTRONIC ENGINEERS, EXCEPT COMPUTER"
91793.0,4,"FARMWORKERS AND LABORERS, CROP, NURSERY, AND"
165485.0,4,"First-Line Supervisors of Helpers, Laborers, and M"
190132.0,4,First-Line Supervisors of Protective Service Worke
137385.0,4,"First-Line Supervisors, Administrative Support"
135511.0,4,First-Line Supervisors/Managers of Housekeeping an
161075.0,4,First-Line Supervisors/Managers of Personal Servic
191297.0,4,"FRAUD EXAMINERS, INVESTIGATORS AND ANALYSTS"
222892.0,4,GAMING MANAGERS
286519.0,4,GEOGRAPHIC INFORMATION SYSTEMS TECHNICIANS
241175.0,4,GEOSPATIAL INFORMATION SCIENTISTS AND TECHNOLOGIST
162573.0,4,"HEATING, AIR CONDITIONING, AND REFRIGERATION"
195000.0,4,"MAKEUP ARTISTS, THEATRICAL AND PERFORMANCE"
270275.0,4,MANUFACTURING ENGINEER
212555.0,4,MARKET RESEARCH ANALYSTS & MARKETING SPECIALISTS
484306.0,4,"Natural Sciences Managers, R&D (ACWIA Only)"
281092.0,4,NETWORK COMPUTER SYSTEMS ADMINISTRATORS
202634.0,4,Numerical Tool and Process Control Programmers
456434.0,4,OBSTETRICIAN AND GYNECOLOGISTS
146369.0,4,"Opticians, Dispensing"
210829.0,4,ORTHOTISTS AND PROTHETISTS
124800.0,4,"PAINTERS, CONSTRUCTION AND MAINTENANCE"
349628.0,4,"PHYSICIANS AND SURGEONS, ALL OTHERS"
144269.0,4,Prepress Technicians and Workers
130333.0,4,Probation Officers and Correctional Treatment Spec
176207.0,4,PUBLIC RELATIONS SPECIALIST
403686.0,4,QUALITY CONTROL SYSTEMS MANAGER
241987.0,4,"Registered Nurses, R&D (ACWIA Only)"
133328.0,4,Reservation and Transportation Ticket Agents and T
116002.0,4,"Secretaries, Except Legal, Medical, and Executive"
349483.0,4,"SOFTWARE DEVELOPERS,APPLICAITONS"
253842.0,4,VALIDATION ENGINEER
215634.0,4,Water and Wastewater Treatment Plant and System Op
54558.0,3,AMUSEMENT AND RECREATION ATTENDANTS
113713.0,3,Anthropologists
200012.0,3,AUTOMOTIVE ENGINEER
189821.0,3,BIOCHEMICAL ENGINEERS
131456.0,3,BIOINFORMATICS TECHNICIANS
122991.0,3,BIOLOGISTS (19-1020.01)
121554.0,3,Chemical Plant and System Operators
167295.0,3,"Claims Examiners, Property and Casualty Insurance"
146744.0,3,COMMERCIAL AND INDUSTRIAL DESIGNER
98343.0,3,"Communications Equipment Operators, All Other"
230339.0,3,"COMPUTER DEVELOPERS, APPLICATIONS"
259675.0,3,COMPUTER SYSTEM ENGINEERS/ARCHITECTS
189258.0,3,COMPYTER SYSTEMS ANALYSTS
153789.0,3,CRIMINAL JUSTICE AND LAW ENFORCEMENT TEACHERS
87131.0,3,DEMONSTRATORS AND PRODUCT PROMOTERS
129439.0,3,ELECTRICAL ENGINEERING TECHNOLOGISTS
135825.0,3,Electronic Drafters
125440.0,3,"ELEMENTARY SCHOOL TEACHER, EXCEPT SPECIAL EDUCATIO"
86632.0,3,EMERGENCY MEDICAL TECHNICIANS AND PARAMEDICS
77002.0,3,File Clerks
188746.0,3,First-Line Supervisors of Construction Trades and 
202301.0,3,FIRST-LINE SUPERVISORS OF TRANSPORTATION AND
150446.0,3,First-Line Supervisors/Managers of Production and
81744.0,3,FLORAL DESIGNERS
122616.0,3,HEALTHCARE PRACTITIONERS AND TECHNICAL WORKER
136470.0,3,"Insurance Adjusters, Examiners, and Investigators"
418495.0,3,"INTERNIST, GENERAL"
241384.0,3,LAWYER
89900.0,3,Legislators
210787.0,3,LOGISTICS ENGINEER
130250.0,3,MANUFACTURING ENGINEERING TECHNOLOGISTS
111883.0,3,MEDICAL SECRETARIES
96970.0,3,Motorcycle Mechanics
206315.0,3,NETWORK & COMPUTER SYSTEMS ADMINISTRATORS
284668.0,3,NETWORK AND COMPUTER SYSTEMS ADMINSTRATORS
64064.0,3,"NURSING AIDES, ORDERLIES, AND ATTENDANTS"
169021.0,3,OPERATION RESEARCH ANALYSTS
85301.0,3,ORDER CLERKS
106080.0,3,Painters and Illustrators
110594.0,3,"PAINTERS, TRANSPORTATION EQUIPMENT"
91116.0,3,Photographic Process Workers and Processing Machin
182145.0,3,PHYSICAL THERAPIST
560643.0,3,"PHYSICIAN AND SURGEONS, ALL OTHER"
138008.0,3,PHYSICIST
106600.0,3,"PLUMBERS, PIPEFITTERS, AND STEAMFITTERS"
159058.0,3,"Precision Instrument and Equipment Repairers, All"
67081.0,3,Psychiatric Technicians
203569.0,3,RISK MANAGEMENT SPECIALIST
165048.0,3,Sculptors
154592.0,3,"SECONDARY SCHOOL TEACHERS, EXCEPT SPECIAL AND CAR"
125777.0,3,Set Designers
148220.0,3,Ship Engineers
285209.0,3,SOCIAL SCIENTISTS AND RELATED WORKERS
226804.0,3,SOFTWARE DEVELOPERS
218774.0,3,"SOFTWARE DEVELOPERS, APPLICATIONS."
290575.0,3,"SOFTWARE DEVELOPERS,SYSTEMS SOFTWARE"
189197.0,3,SOFTWARE QUALITY ASSURANCE ENGINEER AND TESTERS
157456.0,3,SOFTWARE QUALITY ASSURANCE ENGINEERS
171018.0,3,SOFTWARE QULAITY ASSURANCE ENGINEERS AND TESTERS
250827.0,3,"SOFWARE DEVELOPERS, APPLICATIONS"
127140.0,3,SPEC ED.TEACHERS PRESCHOOL/KINDERGA/ELEMENTARY
219191.0,3,STATISTICIAN
251658.0,3,Talent Directors
190216.0,3,"Tax Examiners, Collectors, and Revenue Agents"
108639.0,3,"TITLE EXAMINERS, ABSTRACTORS, AND SEARCHERS"
159952.0,3,TRAINING AND DEVELOPMENT SPECIALIST
221831.0,3,VIDEO GAME DESIGNERS
175493.0,3,WATER/WASTEWATER ENGINEERS
176260.0,3,"Woodworkers, All Other"
